{
    "0": {
        "precision": 0.9886535900919591,
        "recall": 0.9950950420892882,
        "f1-score": 0.9918638580358176,
        "support": 366364.0
    },
    "1": {
        "precision": 0.9462040474194707,
        "recall": 0.8830991031264843,
        "f1-score": 0.913563118722451,
        "support": 35791.0
    },
    "accuracy": 0.9851276249207395,
    "macro avg": {
        "precision": 0.967428818755715,
        "recall": 0.9390970726078862,
        "f1-score": 0.9527134883791343,
        "support": 402155.0
    },
    "weighted avg": {
        "precision": 0.9848756647104743,
        "recall": 0.9851276249207395,
        "f1-score": 0.9848952470257227,
        "support": 402155.0
    }
}