{
    "0": {
        "precision": 0.9888085908369829,
        "recall": 0.9952888384229892,
        "f1-score": 0.9920381320829406,
        "support": 366364.0
    },
    "1": {
        "precision": 0.9483078766097635,
        "recall": 0.8846916822664915,
        "f1-score": 0.9153958456801723,
        "support": 35791.0
    },
    "accuracy": 0.9854459101590183,
    "macro avg": {
        "precision": 0.9685582337233731,
        "recall": 0.9399902603447403,
        "f1-score": 0.9537169888815564,
        "support": 402155.0
    },
    "weighted avg": {
        "precision": 0.985204107334586,
        "recall": 0.9854459101590183,
        "f1-score": 0.9852171201033767,
        "support": 402155.0
    }
}