{
    "fold-1": {
        "0": {
            "precision": 0.9797486146339888,
            "recall": 0.9929918210621976,
            "f1-score": 0.9863257663547982,
            "support": 122143.0
        },
        "1": {
            "precision": 0.9165529342951843,
            "recall": 0.7894869426484171,
            "f1-score": 0.8482879956692381,
            "support": 11909.0
        },
        "accuracy": 0.9749127204368454,
        "macro avg": {
            "precision": 0.9481507744645865,
            "recall": 0.8912393818553074,
            "f1-score": 0.9173068810120182,
            "support": 134052.0
        },
        "weighted avg": {
            "precision": 0.9741343950986233,
            "recall": 0.9749127204368454,
            "f1-score": 0.9740626758295219,
            "support": 134052.0
        }
    },
    "fold-2": {
        "0": {
            "precision": 0.9800667404636281,
            "recall": 0.9930736356044604,
            "f1-score": 0.9865273174599947,
            "support": 122142.0
        },
        "1": {
            "precision": 0.9177762659150549,
            "recall": 0.792863140218304,
            "f1-score": 0.8507590432001442,
            "support": 11910.0
        },
        "accuracy": 0.9752857100229761,
        "macro avg": {
            "precision": 0.9489215031893414,
            "recall": 0.8929683879113821,
            "f1-score": 0.9186431803300694,
            "support": 134052.0
        },
        "weighted avg": {
            "precision": 0.9745324735233846,
            "recall": 0.9752857100229761,
            "f1-score": 0.9744648331521528,
            "support": 134052.0
        }
    },
    "fold-3": {
        "0": {
            "precision": 0.9792616869959718,
            "recall": 0.9931718819079433,
            "f1-score": 0.9861677350123365,
            "support": 122142.0
        },
        "1": {
            "precision": 0.918034398034398,
            "recall": 0.7842989084802687,
            "f1-score": 0.8459135159610596,
            "support": 11910.0
        },
        "accuracy": 0.9746143287679409,
        "macro avg": {
            "precision": 0.9486480425151849,
            "recall": 0.8887353951941059,
            "f1-score": 0.916040625486698,
            "support": 134052.0
        },
        "weighted avg": {
            "precision": 0.9738218799693527,
            "recall": 0.9746143287679409,
            "f1-score": 0.9737066919178604,
            "support": 134052.0
        }
    },
    "fold-4": {
        "0": {
            "precision": 0.9792578005197656,
            "recall": 0.9933683745149089,
            "f1-score": 0.9862626196940385,
            "support": 122142.0
        },
        "1": {
            "precision": 0.9201970443349754,
            "recall": 0.7842149454240135,
            "f1-score": 0.8467815049864007,
            "support": 11910.0
        },
        "accuracy": 0.9747859039775609,
        "macro avg": {
            "precision": 0.9497274224273705,
            "recall": 0.8887916599694612,
            "f1-score": 0.9165220623402196,
            "support": 134052.0
        },
        "weighted avg": {
            "precision": 0.974010481522952,
            "recall": 0.9747859039775609,
            "f1-score": 0.9738702639203988,
            "support": 134052.0
        }
    },
    "fold-5": {
        "0": {
            "precision": 0.9799583340062338,
            "recall": 0.9935976158897022,
            "f1-score": 0.986730844282555,
            "support": 122142.0
        },
        "1": {
            "precision": 0.9234084231145936,
            "recall": 0.7916036943744752,
            "f1-score": 0.8524412296564196,
            "support": 11910.0
        },
        "accuracy": 0.9756512398173843,
        "macro avg": {
            "precision": 0.9516833785604137,
            "recall": 0.8926006551320886,
            "f1-score": 0.9195860369694873,
            "support": 134052.0
        },
        "weighted avg": {
            "precision": 0.9749340938701714,
            "recall": 0.9756512398173843,
            "f1-score": 0.9747997331451063,
            "support": 134052.0
        }
    },
    "fold-6": {
        "0": {
            "precision": 0.9800366788660252,
            "recall": 0.9931555075240294,
            "f1-score": 0.9865524827280527,
            "support": 122142.0
        },
        "1": {
            "precision": 0.9186295503211992,
            "recall": 0.7925098664875304,
            "f1-score": 0.8509218771131046,
            "support": 11909.0
        },
        "accuracy": 0.9753302847423742,
        "macro avg": {
            "precision": 0.9493331145936121,
            "recall": 0.8928326870057799,
            "f1-score": 0.9187371799205787,
            "support": 134051.0
        },
        "weighted avg": {
            "precision": 0.9745813111787992,
            "recall": 0.9753302847423742,
            "f1-score": 0.9745031516356445,
            "support": 134051.0
        }
    },
    "fold-7": {
        "0": {
            "precision": 0.9797372055272445,
            "recall": 0.9932210050596846,
            "f1-score": 0.9864330290895046,
            "support": 122142.0
        },
        "1": {
            "precision": 0.9190457567461869,
            "recall": 0.7893190024351331,
            "f1-score": 0.8492569002123143,
            "support": 11909.0
        },
        "accuracy": 0.9751064893212285,
        "macro avg": {
            "precision": 0.9493914811367157,
            "recall": 0.8912700037474088,
            "f1-score": 0.9178449646509095,
            "support": 134051.0
        },
        "weighted avg": {
            "precision": 0.9743454183452495,
            "recall": 0.9751064893212285,
            "f1-score": 0.9742463947578066,
            "support": 134051.0
        }
    },
    "fold-8": {
        "0": {
            "precision": 0.98007430740651,
            "recall": 0.9934584336264348,
            "f1-score": 0.9867209862086911,
            "support": 122142.0
        },
        "1": {
            "precision": 0.9219802753637341,
            "recall": 0.7928457469140986,
            "f1-score": 0.85255079006772,
            "support": 11909.0
        },
        "accuracy": 0.9756361384846066,
        "macro avg": {
            "precision": 0.9510272913851221,
            "recall": 0.8931520902702668,
            "f1-score": 0.9196358881382056,
            "support": 134051.0
        },
        "weighted avg": {
            "precision": 0.9749132729673978,
            "recall": 0.9756361384846066,
            "f1-score": 0.9748013969043008,
            "support": 134051.0
        }
    },
    "fold-9": {
        "0": {
            "precision": 0.9800823842985219,
            "recall": 0.9934666208183917,
            "f1-score": 0.9867291178766588,
            "support": 122142.0
        },
        "1": {
            "precision": 0.922077922077922,
            "recall": 0.7929297170207407,
            "f1-score": 0.8526410835214447,
            "support": 11909.0
        },
        "accuracy": 0.9756510581793496,
        "macro avg": {
            "precision": 0.951080153188222,
            "recall": 0.8931981689195662,
            "f1-score": 0.9196851006990518,
            "support": 134051.0
        },
        "weighted avg": {
            "precision": 0.9749293071817147,
            "recall": 0.9756510581793496,
            "f1-score": 0.974816827769638,
            "support": 134051.0
        }
    },
    "fold-10": {
        "0": {
            "precision": 0.9788307751837998,
            "recall": 0.9941052217910301,
            "f1-score": 0.9864088711970429,
            "support": 122142.0
        },
        "1": {
            "precision": 0.9280215935219435,
            "recall": 0.7794944999580149,
            "f1-score": 0.847298284045272,
            "support": 11909.0
        },
        "accuracy": 0.9750393506948848,