{
    "fold-1": {
        "0": {
            "precision": 0.9593079320045586,
            "recall": 0.9855087888786095,
            "f1-score": 0.9722318695430939,
            "support": 122143.0
        },
        "1": {
            "precision": 0.7935378513939111,
            "recall": 0.5712486354857671,
            "f1-score": 0.6642905966214236,
            "support": 11909.0
        },
        "accuracy": 0.9487064721152986,
        "macro avg": {
            "precision": 0.8764228916992348,
            "recall": 0.7783787121821883,
            "f1-score": 0.8182612330822587,
            "support": 134052.0
        },
        "weighted avg": {
            "precision": 0.9445811402372429,
            "recall": 0.9487064721152986,
            "f1-score": 0.9448747796136324,
            "support": 134052.0
        }
    },
    "fold-2": {
        "0": {
            "precision": 0.9597705270706346,
            "recall": 0.9861963943606622,
            "f1-score": 0.9728040315449006,
            "support": 122142.0
        },
        "1": {
            "precision": 0.8027378027378027,
            "recall": 0.5760705289672544,
            "f1-score": 0.6707728405924622,
            "support": 11910.0
        },
        "accuracy": 0.9497583027481873,
        "macro avg": {
            "precision": 0.8812541649042187,
            "recall": 0.7811334616639583,
            "f1-score": 0.8217884360686813,
            "support": 134052.0
        },
        "weighted avg": {
            "precision": 0.9458187788922857,
            "recall": 0.9497583027481873,
            "f1-score": 0.9459697322860791,
            "support": 134052.0
        }
    },
    "fold-3": {
        "0": {
            "precision": 0.9595367890844172,
            "recall": 0.9856969756512911,
            "f1-score": 0.9724409766814477,
            "support": 122142.0
        },
        "1": {
            "precision": 0.7963869463869464,
            "recall": 0.5737195633921075,
            "f1-score": 0.6669594924353343,
            "support": 11910.0
        },
        "accuracy": 0.9490943812848746,
        "macro avg": {
            "precision": 0.8779618677356817,
            "recall": 0.7797082695216992,
            "f1-score": 0.819700234558391,
            "support": 134052.0
        },
        "weighted avg": {
            "precision": 0.9450415586773597,
            "recall": 0.9490943812848746,
            "f1-score": 0.9453001322526349,
            "support": 134052.0
        }
    },
    "fold-4": {
        "0": {
            "precision": 0.9581869066738754,
            "recall": 0.9866794386861194,
            "f1-score": 0.9722244631246068,
            "support": 122142.0
        },
        "1": {
            "precision": 0.8034549408069582,
            "recall": 0.5584382871536524,
            "f1-score": 0.6589062809589855,
            "support": 11910.0
        },
        "accuracy": 0.9486318741980724,
        "macro avg": {
            "precision": 0.8808209237404168,
            "recall": 0.7725588629198858,
            "f1-score": 0.8155653720417961,
            "support": 134052.0
        },
        "weighted avg": {
            "precision": 0.9444395719569373,
            "recall": 0.9486318741980724,
            "f1-score": 0.9443873584966076,
            "support": 134052.0
        }
    },
    "fold-5": {
        "0": {
            "precision": 0.9589503518996211,
            "recall": 0.986130896825007,
            "f1-score": 0.9723507140377645,
            "support": 122142.0
        },
        "1": {
            "precision": 0.7994791666666666,
            "recall": 0.5670864819479429,
            "f1-score": 0.6635229393850084,
            "support": 11910.0
        },
        "accuracy": 0.9489004267000866,
        "macro avg": {
            "precision": 0.8792147592831439,
            "recall": 0.776608689386475,
            "f1-score": 0.8179368267113865,
            "support": 134052.0
        },
        "weighted avg": {
            "precision": 0.9447819559329478,
            "recall": 0.9489004267000866,
            "f1-score": 0.9449125646918813,
            "support": 134052.0
        }
    },
    "fold-6": {
        "0": {
            "precision": 0.9586414986187296,
            "recall": 0.9858525322984723,
            "f1-score": 0.9720566213658068,
            "support": 122142.0
        },
        "1": {
            "precision": 0.7953091684434968,
            "recall": 0.563775295994626,
            "f1-score": 0.6598201562576778,
            "support": 11909.0
        },
        "accuracy": 0.9483554766469477,
        "macro avg": {
            "precision": 0.8769753335311132,
            "recall": 0.7748139141465491,
            "f1-score": 0.8159383888117423,
            "support": 134051.0
        },
        "weighted avg": {
            "precision": 0.9441311650885296,
            "recall": 0.9483554766469477,
            "f1-score": 0.9443177453934328,
            "support": 134051.0
        }
    },
    "fold-7": {
        "0": {
            "precision": 0.9598155257833783,
            "recall": 0.9865648179987228,
            "f1-score": 0.9730063628435774,
            "support": 122142.0
        },
        "1": {
            "precision": 0.8070546737213404,
            "recall": 0.5763708119909312,
            "f1-score": 0.6724796708141472,
            "support": 11909.0
        },
        "accuracy": 0.9501234604739986,
        "macro avg": {
            "precision": 0.8834350997523593,
            "recall": 0.781467814994827,
            "f1-score": 0.8227430168288623,
            "support": 134051.0
        },
        "weighted avg": {
            "precision": 0.9462443552049655,
            "recall": 0.9501234604739986,
            "f1-score": 0.9463077751763577,
            "support": 134051.0
        }
    },
    "fold-8": {
        "0": {
            "precision": 0.9583416194029257,
            "recall": 0.9863601381998003,
            "f1-score": 0.9721490387524964,
            "support": 122142.0
        },
        "1": {
            "precision": 0.8001918925401775,
            "recall": 0.5602485515156604,
            "f1-score": 0.6590606015706031,
            "support": 11909.0
        },
        "accuracy": 0.9485046735943783,
        "macro avg": {
            "precision": 0.8792667559715517,
            "recall": 0.7733043448577304,
            "f1-score": 0.8156048201615498,
            "support": 134051.0
        },
        "weighted avg": {
            "precision": 0.9442917048390025,
            "recall": 0.9485046735943783,
            "f1-score": 0.9443344741584301,
            "support": 134051.0
        }
    },
    "fold-9": {
        "0": {
            "precision": 0.9592839844496845,
            "recall": 0.985877093874343,
            "f1-score": 0.9723987564097387,
            "support": 122142.0
        },
        "1": {
            "precision": 0.7976064765927491,
            "recall": 0.5708287849525568,
            "f1-score": 0.6654267815191856,
            "support": 11909.0
        },
        "accuracy": 0.9490044833682703,
        "macro avg": {
            "precision": 0.8784452305212168,
            "recall": 0.7783529394134499,
            "f1-score": 0.8189127689644622,
            "support": 134051.0
        },
        "weighted avg": {
            "precision": 0.9449206642128475,
            "recall": 0.9490044833682703,
            "f1-score": 0.9451275741807991,
            "support": 134051.0
        }
    },
    "fold-10": {
        "0": {
            "precision": 0.9589874223849706,
            "recall": 0.986294640664145,
            "f1-score": 0.9724493667309757,
            "support": 122142.0
        },
        "1": {
            "precision": 0.801447040683193,
            "recall": 0.5673860105802334,
            "f1-score": 0.6644051130776795,
            "support": 11909.0
        },
        "accuracy": 0.9490790818419855,