{
    "fold-1": {
        "0": {
            "precision": 0.937815165105849,
            "recall": 0.9912234020778923,
            "f1-score": 0.9637799412518607,
            "support": 122143.0
        },
        "1": {
            "precision": 0.7835655158489804,
            "recall": 0.32588798387773954,
            "f1-score": 0.4603249911042581,
            "support": 11909.0
        },
        "accuracy": 0.9321158953242026,
        "macro avg": {
            "precision": 0.8606903404774147,
            "recall": 0.6585556929778159,
            "f1-score": 0.7120524661780594,
            "support": 134052.0
        },
        "weighted avg": {
            "precision": 0.9241118330183005,
            "recall": 0.9321158953242026,
            "f1-score": 0.9190536782993662,
            "support": 134052.0
        }
    },
    "fold-2": {
        "0": {
            "precision": 0.9362384790405306,
            "recall": 0.9938268572644954,
            "f1-score": 0.9641735207329714,
            "support": 122142.0
        },
        "1": {
            "precision": 0.8285194450761884,
            "recall": 0.3058774139378673,
            "f1-score": 0.4468019868768014,
            "support": 11910.0
        },
        "accuracy": 0.9327052188702891,
        "macro avg": {
            "precision": 0.8823789620583595,
            "recall": 0.6498521356011814,
            "f1-score": 0.7054877538048864,
            "support": 134052.0
        },
        "weighted avg": {
            "precision": 0.9266680608855212,
            "recall": 0.9327052188702891,
            "f1-score": 0.9182070676533681,
            "support": 134052.0
        }
    },
    "fold-3": {
        "0": {
            "precision": 0.9371451116302817,
            "recall": 0.9918046208511405,
            "f1-score": 0.9637004391268377,
            "support": 122142.0
        },
        "1": {
            "precision": 0.7908483075637276,
            "recall": 0.3178001679261125,
            "f1-score": 0.45340201245807377,
            "support": 11910.0
        },
        "accuracy": 0.9319219407394146,
        "macro avg": {
            "precision": 0.8639967095970047,
            "recall": 0.6548023943886265,
            "f1-score": 0.7085512257924558,
            "support": 134052.0
        },
        "weighted avg": {
            "precision": 0.9241472083059549,
            "recall": 0.9319219407394146,
            "f1-score": 0.9183624041730513,
            "support": 134052.0
        }
    },
    "fold-4": {
        "0": {
            "precision": 0.9359689097596521,
            "recall": 0.9937859213047109,
            "f1-score": 0.9640112933776491,
            "support": 122142.0
        },
        "1": {
            "precision": 0.8261168384879725,
            "recall": 0.30277078085642317,
            "f1-score": 0.44313364055299537,
            "support": 11910.0
        },
        "accuracy": 0.9323919076179393,
        "macro avg": {
            "precision": 0.8810428741238123,
            "recall": 0.648278351080567,
            "f1-score": 0.7035724669653223,
            "support": 134052.0
        },
        "weighted avg": {
            "precision": 0.9262089795173155,
            "recall": 0.9323919076179393,
            "f1-score": 0.917733335233484,
            "support": 134052.0
        }
    },
    "fold-5": {
        "0": {
            "precision": 0.9382404937658955,
            "recall": 0.9906747883610879,
            "f1-score": 0.9637449723228864,
            "support": 122142.0
        },
        "1": {
            "precision": 0.7759638080251771,
            "recall": 0.33123425692695213,
            "f1-score": 0.46428151112157234,
            "support": 11910.0
        },
        "accuracy": 0.9320860561573121,
        "macro avg": {
            "precision": 0.8571021508955363,
            "recall": 0.66095452264402,
            "f1-score": 0.7140132417222294,
            "support": 134052.0
        },
        "weighted avg": {
            "precision": 0.9238228399660868,
            "recall": 0.9320860561573121,
            "f1-score": 0.919369582004893,
            "support": 134052.0
        }
    },
    "fold-6": {
        "0": {
            "precision": 0.9373655289838247,
            "recall": 0.9916081282441748,
            "f1-score": 0.9637241796365257,
            "support": 122142.0
        },
        "1": {
            "precision": 0.7882668870068168,
            "recall": 0.32042992694600725,
            "f1-score": 0.45564179104477615,
            "support": 11909.0
        },
        "accuracy": 0.9319811116664553,
        "macro avg": {
            "precision": 0.8628162079953208,
            "recall": 0.656019027595091,
            "f1-score": 0.7096829853406509,
            "support": 134051.0
        },
        "weighted avg": {
            "precision": 0.9241197066676601,
            "recall": 0.9319811116664553,
            "f1-score": 0.9185864845373534,
            "support": 134051.0
        }
    },
    "fold-7": {
        "0": {
            "precision": 0.9366212950595647,
            "recall": 0.9932210050596846,
            "f1-score": 0.9640911529215426,
            "support": 122142.0
        },
        "1": {
            "precision": 0.8171378091872792,
            "recall": 0.31068939457553113,
            "f1-score": 0.45020380848086633,
            "support": 11909.0
        },
        "accuracy": 0.9325853593035487,
        "macro avg": {
            "precision": 0.876879552123422,
            "recall": 0.6519551998176079,
            "f1-score": 0.7071474807012045,
            "support": 134051.0
        },
        "weighted avg": {
            "precision": 0.9260064631429581,
            "recall": 0.9325853593035487,
            "f1-score": 0.9184377494784947,
            "support": 134051.0
        }
    },
    "fold-8": {
        "0": {
            "precision": 0.9359192897746994,
            "recall": 0.993442059242521,
            "f1-score": 0.9638231708043575,
            "support": 122142.0
        },
        "1": {
            "precision": 0.8180372557928215,
            "recall": 0.3023763540179696,
            "f1-score": 0.44154251731960026,
            "support": 11909.0
        },
        "accuracy": 0.932048250292799,
        "macro avg": {
            "precision": 0.8769782727837605,
            "recall": 0.6479092066302453,
            "f1-score": 0.7026828440619789,
            "support": 134051.0
        },
        "weighted avg": {
            "precision": 0.9254467297588085,
            "recall": 0.932048250292799,
            "f1-score": 0.9174241114735806,
            "support": 134051.0
        }
    },
    "fold-9": {
        "0": {
            "precision": 0.9361954953356122,
            "recall": 0.9933520001309951,
            "f1-score": 0.9639272109032696,
            "support": 122142.0
        },
        "1": {
            "precision": 0.8176100628930818,
            "recall": 0.305651188177009,
            "f1-score": 0.4449605769818471,
            "support": 11909.0
        },
        "accuracy": 0.9322571260192016,
        "macro avg": {
            "precision": 0.876902779114347,
            "recall": 0.6495015941540021,
            "f1-score": 0.7044438939425584,
            "support": 134051.0
        },
        "weighted avg": {
            "precision": 0.9256604458771367,
            "recall": 0.9322571260192016,
            "f1-score": 0.9178225668247456,
            "support": 134051.0
        }
    },
    "fold-10": {
        "0": {
            "precision": 0.9359267028627838,
            "recall": 0.9935648671218745,
            "f1-score": 0.963884895514801,
            "support": 122142.0
        },
        "1": {
            "precision": 0.8208342831091863,
            "recall": 0.3023763540179696,
            "f1-score": 0.4419489445262641,
            "support": 11909.0
        },
        "accuracy": 0.9321601480033719,