{
    "fold-1": {
        "0": {
            "precision": 0.9695010203673322,
            "recall": 0.991821062197588,
            "f1-score": 0.9805340391261766,
            "support": 122143.0
        },
        "1": {
            "precision": 0.8901835770034077,
            "recall": 0.679989923587203,
            "f1-score": 0.7710178044368275,
            "support": 11909.0
        },
        "accuracy": 0.9641184018142214,
        "macro avg": {
            "precision": 0.9298422986853699,
            "recall": 0.8359054928923955,
            "f1-score": 0.8757759217815021,
            "support": 134052.0
        },
        "weighted avg": {
            "precision": 0.9624545650140293,
            "recall": 0.9641184018142214,
            "f1-score": 0.9619208976667769,
            "support": 134052.0
        }
    },
    "fold-2": {
        "0": {
            "precision": 0.9697845296791957,
            "recall": 0.9919683646902785,
            "f1-score": 0.9807510178971822,
            "support": 122142.0
        },
        "1": {
            "precision": 0.8923870118473014,
            "recall": 0.68303946263644,
            "f1-score": 0.7738038618852849,
            "support": 11910.0
        },
        "accuracy": 0.9645212305672426,
        "macro avg": {
            "precision": 0.9310857707632485,
            "recall": 0.8375039136633593,
            "f1-score": 0.8772774398912335,
            "support": 134052.0
        },
        "weighted avg": {
            "precision": 0.9629080605673745,
            "recall": 0.9645212305672426,
            "f1-score": 0.9623645661612761,
            "support": 134052.0
        }
    },
    "fold-3": {
        "0": {
            "precision": 0.969814160921749,
            "recall": 0.9916572513959162,
            "f1-score": 0.9806140830246726,
            "support": 122142.0
        },
        "1": {
            "precision": 0.8887433125887105,
            "recall": 0.6834592779177162,
            "f1-score": 0.7726992263515117,
            "support": 11910.0
        },
        "accuracy": 0.9642750574403962,
        "macro avg": {
            "precision": 0.9292787367552298,
            "recall": 0.8375582646568163,
            "f1-score": 0.8766566546880921,
            "support": 134052.0
        },
        "weighted avg": {
            "precision": 0.9626113306495674,
            "recall": 0.9642750574403962,
            "f1-score": 0.9621416548402565,
            "support": 134052.0
        }
    },
    "fold-4": {
        "0": {
            "precision": 0.9695538729970706,
            "recall": 0.9917800592752698,
            "f1-score": 0.9805410305806932,
            "support": 122142.0
        },
        "1": {
            "precision": 0.8897914379802415,
            "recall": 0.6806045340050377,
            "f1-score": 0.7712654614652712,
            "support": 11910.0
        },
        "accuracy": 0.9641333213976666,
        "macro avg": {
            "precision": 0.9296726554886561,
            "recall": 0.8361922966401538,
            "f1-score": 0.8759032460229822,
            "support": 134052.0
        },
        "weighted avg": {
            "precision": 0.9624672901706269,
            "recall": 0.9641333213976666,
            "f1-score": 0.9619477083761406,
            "support": 134052.0
        }
    },
    "fold-5": {
        "0": {
            "precision": 0.9696656904636164,
            "recall": 0.9921484829133304,
            "f1-score": 0.9807782579841047,
            "support": 122142.0
        },
        "1": {
            "precision": 0.8943599911874862,
            "recall": 0.681696053736356,
            "f1-score": 0.7736801982085001,
            "support": 11910.0
        },
        "accuracy": 0.9645659893175782,
        "macro avg": {
            "precision": 0.9320128408255512,
            "recall": 0.8369222683248432,
            "f1-score": 0.8772292280963023,
            "support": 134052.0
        },
        "weighted avg": {
            "precision": 0.9629750713129979,
            "recall": 0.9645659893175782,
            "f1-score": 0.9623783990343877,
            "support": 134052.0
        }
    },
    "fold-6": {
        "0": {
            "precision": 0.9693981992355547,
            "recall": 0.9925414681272617,
            "f1-score": 0.9808333333333333,
            "support": 122142.0
        },
        "1": {
            "precision": 0.898698988101857,
            "recall": 0.6786464018809304,
            "f1-score": 0.7733231269734954,
            "support": 11909.0
        },
        "accuracy": 0.9646552431537251,
        "macro avg": {
            "precision": 0.9340485936687059,
            "recall": 0.8355939350040961,
            "f1-score": 0.8770782301534144,
            "support": 134051.0
        },
        "weighted avg": {
            "precision": 0.9631173292279366,
            "recall": 0.9646552431537251,
            "f1-score": 0.9623982672201428,
            "support": 134051.0
        }
    },
    "fold-7": {
        "0": {
            "precision": 0.969971027483873,
            "recall": 0.9922385420248563,
            "f1-score": 0.9809784368322217,
            "support": 122142.0
        },
        "1": {
            "precision": 0.8958813838550247,
            "recall": 0.6849441598790831,
            "f1-score": 0.7763395831350528,
            "support": 11909.0
        },
        "accuracy": 0.964938717353843,
        "macro avg": {
            "precision": 0.9329262056694488,
            "recall": 0.8385913509519697,
            "f1-score": 0.8786590099836373,
            "support": 134051.0
        },
        "weighted avg": {
            "precision": 0.963388953750921,
            "recall": 0.964938717353843,
            "f1-score": 0.9627984597438032,
            "support": 134051.0
        }
    },
    "fold-8": {
        "0": {
            "precision": 0.9701361159346067,
            "recall": 0.9925742168950893,
            "f1-score": 0.9812269079636922,
            "support": 122142.0
        },
        "1": {
            "precision": 0.900154117129018,
            "recall": 0.6866235620119238,
            "f1-score": 0.7790215786214453,
            "support": 11909.0
        },
        "accuracy": 0.9653937680435059,
        "macro avg": {
            "precision": 0.9351451165318123,
            "recall": 0.8395988894535065,
            "f1-score": 0.8801242432925687,
            "support": 134051.0
        },
        "weighted avg": {
            "precision": 0.9639189625841972,
            "recall": 0.9653937680435059,
            "f1-score": 0.963263123529881,
            "support": 134051.0
        }
    },
    "fold-9": {
        "0": {
            "precision": 0.969541319636128,
            "recall": 0.9921402957213735,
            "f1-score": 0.9807106352501305,
            "support": 122142.0
        },
        "1": {
            "precision": 0.894063120723902,
            "recall": 0.6803258040137711,
            "f1-score": 0.7726860903151972,
            "support": 11909.0
        },
        "accuracy": 0.9644389075799509,
        "macro avg": {
            "precision": 0.931802220180015,
            "recall": 0.8362330498675723,
            "f1-score": 0.8766983627826639,
            "support": 134051.0
        },
        "weighted avg": {
            "precision": 0.9628358875927587,
            "recall": 0.9644389075799509,
            "f1-score": 0.9622298756464712,
            "support": 134051.0
        }
    },
    "fold-10": {
        "0": {
            "precision": 0.9695637227076854,
            "recall": 0.9928935173814085,
            "f1-score": 0.9810899471327506,
            "support": 122142.0
        },
        "1": {
            "precision": 0.9032329988851728,
            "recall": 0.6803258040137711,
            "f1-score": 0.7760908089467886,
            "support": 11909.0
        },
        "accuracy": 0.965125213538131,