{
    "0": {
        "precision": 0.9883695573162754,
        "recall": 0.9860043509789703,
        "f1-score": 0.9871855374450939,
        "support": 27580.0
    },
    "1": {
        "precision": 0.8741441147701337,
        "recall": 0.8933688770409863,
        "f1-score": 0.8836519446275544,
        "support": 3001.0
    },
    "accuracy": 0.976913769987901,
    "macro avg": {
        "precision": 0.9312568360432045,
        "recall": 0.9396866140099783,
        "f1-score": 0.9354187410363242,
        "support": 30581.0
    },
    "weighted avg": {
        "precision": 0.9771602916584824,
        "recall": 0.976913769987901,
        "f1-score": 0.9770254932331507,
        "support": 30581.0
    }
}