{
    "0": {
        "precision": {
            "mean": 0.9367436471318694,
            "std_dev": 0.0008033945235374535,
            "95% CI": [
                0.9361378455731968,
                0.937349448690542
            ],
            "margin": 0.0006058015586726251
        },
        "recall": {
            "mean": 0.9926503649658576,
            "std_dev": 0.001126734434847537,
            "95% CI": [
                0.9918007481750494,
                0.9934999817566658
            ],
            "margin": 0.0008496167908081942
        },
        "f1-score": {
            "mean": 0.96388607765927,
            "std_dev": 0.00015422621728893517,
            "95% CI": [
                0.96376978301189,
                0.9640023723066501
            ],
            "margin": 0.00011629464738005524
        }
    },
    "1": {
        "precision": {
            "mean": 0.8066900212991233,
            "std_dev": 0.018655731363846937,
            "95% CI": [
                0.7926226225214539,
                0.8207574200767926
            ],
            "margin": 0.014067398777669382
        },
        "recall": {
            "mean": 0.3125093821259581,
            "std_dev": 0.01007403801218613,
            "95% CI": [
                0.3049130297099143,
                0.32010573454200186
            ],
            "margin": 0.007596352416043783
        },
        "f1-score": {
            "mean": 0.4502241780467055,
            "std_dev": 0.007567218432059295,
            "95% CI": [
                0.444518098920384,
                0.455930257173027
            ],
            "margin": 0.005706079126321484
        }
    },
    "accuracy": {
        "mean": 0.9322253013994534,
        "std_dev": 0.00024644273442025154,
        "95% CI": [
            0.9320394706671526,
            0.9324111321317541
        ],
        "margin": 0.000185830732300718
    },
    "macro avg": {
        "precision": {
            "mean": 0.8717168342154963,
            "std_dev": 0.00894586362042207,
            "95% CI": [
                0.8649711843932117,
                0.8784624840377808
            ],
            "margin": 0.0067456498222845385
        },
        "recall": {
            "mean": 0.6525798735459079,
            "std_dev": 0.004488681884304818,
            "95% CI": [
                0.64919517225379,
                0.6559645748380257
            ],
            "margin": 0.0033847012921178754
        },
        "f1-score": {
            "mean": 0.7070551278529879,
            "std_dev": 0.0037441550773827355,
            "95% CI": [
                0.7042318387772752,
                0.7098784169287005
            ],
            "margin": 0.0028232890757126095
        }
    },
    "weighted avg": {
        "precision": {
            "mean": 0.9251894237424286,
            "std_dev": 0.0009850608092348318,
            "95% CI": [
                0.9244466362872762,
                0.9259322111975811
            ],
            "margin": 0.0007427874551524383
        },
        "recall": {
            "mean": 0.9322253013994534,
            "std_dev": 0.00024644273442025154,
            "95% CI": [
                0.9320394706671526,
                0.9324111321317541
            ],
            "margin": 0.000185830732300718
        },
        "f1-score": {
            "mean": 0.9182513438998539,
            "std_dev": 0.000610909943952793,
            "95% CI": [
                0.9177906857979966,
                0.9187120020017111
            ],
            "margin": 0.00046065810185724754
        }
    }
}