{
    "0": {
        "precision": {
            "mean": 0.9696929659426811,
            "std_dev": 0.00021915611050475983,
            "95% CI": [
                0.9695277107542939,
                0.9698582211310682
            ],
            "margin": 0.00016525518838717002
        },
        "recall": {
            "mean": 0.9921763260622374,
            "std_dev": 0.00037521723103335234,
            "95% CI": [
                0.9918933926133012,
                0.9924592595111735
            ],
            "margin": 0.00028293344893615124
        },
        "f1-score": {
            "mean": 0.9808057689124956,
            "std_dev": 0.00021958170424045656,
            "95% CI": [
                0.9806401928041358,
                0.9809713450208554
            ],
            "margin": 0.00016557610835976622
        }
    },
    "1": {
        "precision": {
            "mean": 0.8947495939302123,
            "std_dev": 0.00453616313424891,
            "95% CI": [
                0.891329089288207,
                0.8981700985722175
            ],
            "margin": 0.003420504642005273
        },
        "recall": {
            "mean": 0.6819654983682233,
            "std_dev": 0.0023701492498119747,
            "95% CI": [
                0.6801782816673915,
                0.6837527150690551
            ],
            "margin": 0.0017872167008318174
        },
        "f1-score": {
            "mean": 0.7739927740339375,
            "std_dev": 0.0023547680047626396,
            "95% CI": [
                0.7722171555976597,
                0.7757683924702153
            ],
            "margin": 0.001775618436277826
        }
    },
    "accuracy": {
        "mean": 0.9646165850206261,
        "std_dev": 0.00040119485360349893,
        "95% CI": [
            0.9643140630833663,
            0.9649191069578859
        ],
        "margin": 0.00030252193725976984
    },
    "macro avg": {
        "precision": {
            "mean": 0.9322212799364469,
            "std_dev": 0.0022837438227478156,
            "95% CI": [
                0.930499217454196,
                0.9339433424186978
            ],
            "margin": 0.00172206248225093
        },
        "recall": {
            "mean": 0.8370709122152302,
            "std_dev": 0.0011989952467434297,
            "95% CI": [
                0.8361668069866807,
                0.8379750174437798
            ],
            "margin": 0.0009041052285495565
        },
        "f1-score": {
            "mean": 0.8773992714732166,
            "std_dev": 0.0012842928656886048,
            "95% CI": [
                0.8764308473714433,
                0.87836769557499
            ],
            "margin": 0.0009684241017733353
        }
    },
    "weighted avg": {
        "precision": {
            "mean": 0.9630348397022885,
            "std_dev": 0.00047073604294982954,
            "95% CI": [
                0.9626798800651644,
                0.9633897993394127
            ],
            "margin": 0.0003549596371241748
        },
        "recall": {
            "mean": 0.9646165850206261,
            "std_dev": 0.00040119485360349893,
            "95% CI": [
                0.9643140630833663,
                0.9649191069578859
            ],
            "margin": 0.00030252193725976984
        },
        "f1-score": {
            "mean": 0.9624320914833632,
            "std_dev": 0.0004066224858741208,
            "95% CI": [
                0.9621254768270306,
                0.9627387061396957
            ],
            "margin": 0.0003066146563325267
        }
    }
}