{
    "0": {
        "precision": 0.9313645711354404,
        "recall": 0.9989037358945032,
        "f1-score": 0.9639525719804931,
        "support": 1221421.0
    },
    "1": {
        "precision": 0.9561285672160152,
        "recall": 0.24503333501267907,
        "f1-score": 0.39009457607860176,
        "support": 119094.0
    },
    "accuracy": 0.9319284006519882,
    "macro avg": {
        "precision": 0.9437465691757279,
        "recall": 0.6219685354535911,
        "f1-score": 0.6770235740295474,
        "support": 1340515.0
    },
    "weighted avg": {
        "precision": 0.9335646534539671,
        "recall": 0.9319284006519882,
        "f1-score": 0.912969894305167,
        "support": 1340515.0
    }
}