{
    "0": {
        "precision": 0.992868867003815,
        "recall": 0.9716825493303233,
        "f1-score": 0.9821614683327665,
        "support": 92134.0
    },
    "1": {
        "precision": 0.7782593914669387,
        "recall": 0.9343877551020409,
        "f1-score": 0.8492070852267458,
        "support": 9800.0
    },
    "accuracy": 0.9680970039437283,
    "macro avg": {
        "precision": 0.8855641292353769,
        "recall": 0.9530351522161821,
        "f1-score": 0.9156842767797562,
        "support": 101934.0
    },
    "weighted avg": {
        "precision": 0.9722361746709193,
        "recall": 0.9680970039437283,
        "f1-score": 0.9693791488472269,
        "support": 101934.0
    }
}